id,MS2 name,Z1,Z2,Z3,Z10,Z11,Z9
1,Choline,1182780474,1285775892,1285252425,976428418.9,1249324456,1158011148
2,Dimethylformamide,5308129.621,5196065.149,5608081.407,6257040.595,5779836.318,5543334.267
3,Isobutylamine,11754556.53,14219879.64,11565100.76,8395989.709,8636547.984,12945215.75
4,N-Ethylacetamide,44543725.3,93920210.14,247647395.4,230244522.6,102993017.6,206204079.9
5,7-alpha-D-Ribosyladenine 5'-phosphate,35717972.02,54215923.04,38959212.34,24176694.86,31432303.59,31032668.24
6,Adenosine-3-monophosphate,42683333.98,62573984.07,43705106.89,29288686.23,37040605.49,38488401.57
7,beta-Aminopropionitrile,39302542.57,11772008.99,26078171.82,39736419.53,9543237.768,11348568.84
8,PE(18:1(9Z)/0:0),394335393.3,129930897.9,55454172.82,582352626.3,538577321.5,242422170.4
9,"PC(22:2(13Z,16Z)/12:0)",48926090.57,54236258.17,4729173.153,46412454.93,47655993.08,66691698.16
10,L-CARNITINE,529959295.6,493312332.4,530736985.7,520413797,574942045.9,576262846.9
11,Morpholine,366227082.6,88914379.06,418722082.7,71054674.13,118467075.3,69937748.48
12,PC(20:1(11Z)/12:0),2779710.839,4390126.785,12308992.96,1178453.398,1820005.068,2949201.588
13,Norvaline,34065881.95,56084038.3,45511080.32,57048813.91,61765791.69,70075278.41
14,PC(22:1(11Z)/14:0),7257818.748,10894887.38,16181251.3,13275707.57,9958840.529,9441330.831
15,"PC(22:5(7Z,10Z,13Z,16Z,19Z)/16:0)",4712012.635,7635851.522,4769758.645,2850712.931,3778222.39,6237369.098
16,Niacinamide,6695549.032,12459265.18,8521836.57,6818908.578,6990022.357,6208033.949
17,Aspartic acid,225168388.9,5626860.705,212789192.3,229676011.6,216832593.1,5918068.572
18,4-Amino-m-cresol,36853681.37,37605389.58,34805341.43,36684088.96,36259362.37,37732607.06
19,Histamine,17787662.26,20326035,38760267.12,27791970.53,35111636.7,28570128.47
20,"PE(22:4(7Z,10Z,13Z,16Z)/0:0)",168039111.2,65887461.63,25661517.65,226202509.7,209018174.7,122999517.8
21,PE(16:0/0:0),37039929.96,13263411.06,5226436.159,57599681.17,56238934.61,24764369.45
22,"LysoPE(20:2(11Z,14Z)/0:0)",12669028.72,5070524.142,3070622.35,19922001.16,16193618.81,8790090.981
23,PC(16:0/0:0)[U] / PC(16:0/0:0)[rac],6384856.561,2940303.006,1300779.967,9811545.851,8661712.013,4545621.514
24,5'-METHYLTHIOADENOSINE,14645125.33,11437173.34,11815185.75,13753019.53,16490587.46,14956858.03
25,Adenine,118347639.4,94200679.95,103530551.7,86427098.18,137436339.1,123229282.5
26,Deoxycytosine,45842390.07,56362456.47,23579789.19,26668712.7,27730075.12,27114262
27,N-Methyldioctylamine,13238488.37,13576574.61,14203852.53,9304051.619,8390392.16,12417549.06
28,N-Nitrosomethylvinylamine,106905365.7,124638558.1,115271324.3,118135106.6,110937141.1,115104649.9
29,Brunfelsamidine,14280980.89,38628598.39,12936248.37,18302117.53,36935287.8,16203754.05
30,Halaminol A,48603536.02,64554227.06,69445667.36,40092023.77,52878562.18,52630354.63
31,4-Pyrimidine Methanamine (hydrochloride),20586303.28,18188495.87,18082563.95,12408145.88,14298976.23,19825621.87
32,O-Toluidine,51170018.93,48935628.42,52242535.32,63445424.54,51228723.01,62202887.02
33,"LysoPE(22:6(4Z,7Z,10Z,13Z,16Z,19Z)/0:0)",557747209.3,284665321,95706179.56,627200818.1,587226959.2,443267952.8
34,1-(1-Oxopropyl)-1H-imidazole,14172084.89,15919772.21,15979770.24,26236172.8,49365111.97,27515948.44
35,Palmitic amide,1180056781,1247250793,1479639425,924308121.3,1136475687,1141188510
36,LysoPE(20:1(11Z)/0:0),119203428.4,51580348.07,31103296.05,178111768.5,143192145.8,86022606.56
37,Piperidine,19023059.31,16137922.71,15521212.77,19450140.13,15859236.35,14950590.25
38,2-Aminopyridine,13470216.13,13335379.03,20635223.63,14745356.5,18045046.29,11636284.07
39,Phosphoric acid,73375388.36,70299855.14,72550984.31,76294078.43,72471081.03,77161007.1
40,allopurinol,128619992.2,97553544.92,90882279.26,80070991.6,95316734.95,56472776.05
41,2-Methoxy-5-methylpyrazine,16442737.07,24562793.07,15446452.81,14245424.86,50407690.55,16422955.39
42,O-Acetylethanolamine,6657278.08,4219662.737,5654644.033,6191464.377,8994298.26,4689212.579
43,Triethylamine,8098594.241,8072060.686,7437722.334,8981463.84,7868249.287,6289076.424
44,N-Acetyl-DL-aspartic acid,154359713.9,133720147.5,142005957.8,163695422,149590081.9,127625202.7
45,Hypoxanthine,1455123036,1520973659,1261182994,1278440851,1376971308,1230943524
46,"Anandamide (22:6, n-3)",7082434.174,3944552.364,4902786.204,6296826.954,5659971.303,4590689.394
47,2-Phenylethanol,6215777.385,703749.5244,649867.298,1034683.594,575752.2697,686412.3361
48,Lys His Met,127497047.9,131466334.1,91529604.64,156680189.4,105381344.9,96223999.26
49,Taurine,134425704.4,119345101.4,139621055.6,152831304.2,124335496.3,110205639.1
50,Indoleacrylic acid,36524085.64,38186598.84,41423065.76,38814035.9,41405220.03,35892985.79
51,(2R)-2-Hydroxy-2-methylbutanenitrile,30842149.21,34228614.15,20950564.85,34922452.36,15039756.54,37380058.39
52,Myristoylcarnitine,23705592.76,18846639.91,25960284.76,43553791.32,18412985.85,14752019.01
53,NICOTINAMIDE,849011980.8,799725249,845496404.7,841281135.7,824598384.6,834760761.2
54,Histidine,71563718.8,81327726.83,79658991.19,71837139.3,84605330.68,92003699.84
55,3-METHYLHISTAMINE,14672053.53,18335855.62,211551.1488,25949766.64,22378291.5,1977725.442
56,N-METHYLISOLEUCINE,82630841.31,64819033.51,72093163.15,87220764.84,49356286.83,38508333.78
57,Uracil,8846941.124,10312008.33,8604572.975,6961582.167,6294898.804,5892918.904
58,"9Z,12Z,15Z-Octadecatrienal",947890.5625,745930.8166,410067.3276,498888.9034,1246282.757,523178.1102
59,1alpha-hydroxy-21-nor-20-oxavitamin D3l,7742018.935,3224258.095,1550109.435,9751839.015,8596012.224,5228202.85
60,Phthalic anhydride,28877160.9,24194563.99,20831223.99,26188104.39,25092645.31,86763.61456
61,"PC(19:1(9Z)/17:2(9Z,12Z))",7707042.806,6009858.91,18751269.3,9174741.897,9279366.099,5946230.976
62,gamma-Aminobutryic acid,612696211.2,565225257.1,714205516.5,560261510.2,809656749,564222858.4
63,Persicachrome,22435619.86,11899497.69,4954956.979,25050659.07,24724532.32,18292809.75
64,"PS(22:6(4Z,7Z,10Z,13Z,16Z,19Z)/0:0)",39680513.44,46844642,31555372.91,27061786.55,21492788.89,25055804.43
65,Tyrosine,26361186.86,28059811.43,34975188.48,63121168.86,44109355.9,36681208.57
66,Arginine,152812706.8,127020371.2,173433759.6,167359391.5,179145965.2,175466552.4
67,Creatinine,9286433.546,5578462.54,3950962.143,15902157.36,42545684.46,6898171.873
68,Pyrazine,52733722.78,89942139.05,142876380.9,92359758.14,108424351.2,204243441.3
69,Cilastatin,39004372.44,38371438.71,35225608.73,38012791.58,25306104.2,33534916.51
70,N-Methylaniline,12296916.06,12902418.08,9653383.132,15571388.13,9304330.002,12874622.97
71,"5,6-Dimethylbenzotriazole",7775357.226,4398684.107,6469180.897,5077454.29,7319321.144,6346904.44
72,cytosine,11818069.57,18641114.96,17254468.44,13626953.49,16817787.12,13563647.45
73,N-Formyl-4-amino-5-aminomethyl-2-methylpyrimidine,56483331.02,25465090.2,49785431.62,54384990.27,58626676.58,127188337.8
74,Pro Arg Asp,1216801.521,1829913.284,2328696.012,904833.0102,567892.8602,1605718.916
75,Tryptophan,21353202.28,22004492.61,24986268.56,23479643.79,25595011.88,21294735.19
76,Gly-Leu,879820.9965,783919.376,572515.601,1875655.326,929709.7229,1314887.951
77,D-Pantothenic Acid,41365312.24,43669250.52,33534900.57,39796734.51,60720144.17,45895218.47
78,N-Methylglutamic acid,3727952.885,3353510.314,2924954.387,4022551.868,3742976.568,3280404.058
79,"LysoPE(0:0/20:4(5Z,8Z,11Z,14Z))",270317045.7,125130947.2,39711490.5,308494228.8,286492493.5,214987830.9
80,Lactamide,118654572.9,123256158.7,110977608.4,119109542.4,111818603.7,113559576.7
81,PE(18:0/0:0),19562601.15,15919455.85,21450433.93,14395784.32,17747555.26,13710720.56
82,Pterolactam,9458448.903,100473551.4,8747295.214,9718529.919,9454432.157,64647161.17
83,ัด-Valerolactam,15329512.01,28774432.1,21427573.6,19358866.02,17226698.6,11606854.05
84,Tetrahydropteridine,4558881.582,6268509.704,5112107.319,4453048.414,11827959.82,13261240.31
85,Methyl acrylate,187099039.8,170565487.5,212879444.4,169464981.2,245802440.6,166829119.4
86,Arachidonoyl Ethanolamide,1132917.061,1014527.957,1134529.42,976902.8776,965917.0834,1033679.986
87,Phenylalanine,5987586.317,7457444.934,9710913.827,13270174.31,7730893.109,2943409.731
88,b-Guanidinopropionate,4554159.031,3362763.838,3135329.052,3875449.789,4375482.085,4831568.69
89,Stearamide,193070007.7,210654319.9,205677495.3,156453299.4,200491473.3,166523508.9
90,Capsi-amide,4391265.839,4711742.891,5706219.718,3415954.643,3690330.49,3678520.974
91,(4-Methylphenyl)acetaldehyde,6093439.808,6621595.731,4768362.774,7017762.013,4574361.671,4679725.499
92,Glibornuride M1 (p-hydroxyglibornuride),22389254.4,25310686.16,21224439.5,22564823.95,16291671.38,21934251.46
93,O-Arachidonoyl Glycidol,15335401.92,7218344.55,2699270.542,23946499.42,15922720.08,11470920.65
94,Glutathione (oxidized),5238632.692,2858749.249,4491300.727,5885635.94,4681252.33,3924712.13
95,Oleamide,7241041879,8191733537,8477448809,6065340449,7833651545,7926387285
96,"3,3-Dimethylglutaric acid",12018917.41,8283728.445,10130913.19,6010432.13,13676776.74,9406259.825
97,alpha-Methylstyrene,17568463.18,18503399.14,12758800.68,21718458.97,15148118.74,13938061.39
98,Erucamide,35551266.46,35727612.45,20986587.95,19066524.63,18973859,30765777.37
99,p-Tolualdehyde,10290075.88,12249385.55,8738699.98,13224337.64,8552327.159,7837691.502
100,Adenylosuccinate,12463268.99,8955975.852,3029476.923,8169687.47,13237371.84,13244231.71
101,Methionine,29040786.81,35466137.92,41465192.82,38595849.47,37148120.15,31544898.65
102,Pyrimidine,134454851.5,210056627.3,234832412.5,179772196.3,92090196.36,224469765.7
103,2-Methylbutyroylcarnitine,3775819.345,2598972.673,3527949.874,5072686.234,4379963.151,4035293.43
104,"5,6-dimethyl-1H-benzotriazole",2604567.42,9782710.125,8769901.563,6965241.006,6064690.393,7713110.311
105,"2,5-Dihydro-2,4-dimethyloxazole",29468279.73,29173066.61,23057157.32,46556770.67,22564911.53,19094699.52
106,Lysine,15475579.87,15737262.05,17832014.78,17230023.95,17030326.73,17170112.51
107,"LysoPE(0:0/22:4(7Z,10Z,13Z,16Z))",27817378.12,8140273.924,8196108.395,27663915.24,16976177.87,14522565.34
108,2'-Hydroxy-5'-methylacetophenone,3728832.303,4341922.392,9092546.149,11536910.28,4896171.967,702432.6137
109,4-Amino-5-hydroxymethyl-2-methylpyrimidine,22093204.3,17837001.86,23809175.5,11671029.71,24739534.85,14938592.27
110,"4-Chloro-3,5-dimethoxybenzyl alcohol",4679708.575,4719541.909,4652142.677,5038280.474,4644545.077,4724839.359
111,"6R,7S-Epoxy-3Z,9Z-eicosadiene",7730916.674,9728184.698,9335554.174,6018826.01,8071154.632,8570310.231
112,sn-Glycero-3-phosphocholine,197966866.5,156937014.2,247053539.6,423903616.1,350038201.4,367533387.2
113,Lauryl diethanolamide,9581918.17,7134020.884,6654752.463,9021725.068,9595939.733,10403769.39
114,Gyromitrin,53764620.73,18692233.05,29898924.26,65539899.05,53168749.76,19221268.28
115,dodecanamide,21173614.18,25408722.38,28306360.9,16859243.58,20964986.5,24699783.47
116,2-Acetyl-1-methylpyrrole,10717063.25,278196958.1,8073779.93,286629376.6,336559675,7912873.831
117,"PC(P-20:0/18:4(6Z,9Z,12Z,15Z))",4182130.087,7902567.148,0,3346998.635,4384901.923,6258074.948
118,5-(1-oxopropan-2-yl)isolongifol-5-ene,6255165.949,10285807.51,11138228.44,4816762.606,8484931.596,9162243.231
119,Propionylcarnitine,3677527.746,7380594.281,3811444.626,3348872.671,5265055.981,3721706.843
120,Succinoadenosine,8543548.237,8370874.035,7700024.55,8462705.158,10426654.37,10331747.69
121,5-propylideneisolongifolane,33528112.27,36456862.69,38184531.67,26932904.08,34160926.66,36584134.94
122,O-Phosphocholine,237386069.7,181285067.4,254863800.5,260474277.3,208945341.6,182716668.7
123,Sugeonyl acetate,3384714.57,3742232.385,4394506.994,3687130.074,3445195.401,3686240.573
124,p-coumaric acid,8588543.559,8612878.257,10984145.78,12075236.59,13800920.78,13766696.97
125,GlcCer(d18:1/24:1(15Z)),340945.846,0,0,37841280.33,55161588.28,0
126,Diacetylmonoxime,3271482.63,3684390.74,3706213.823,2877179.182,3203865.829,2629338.552
127,Glutathione (reduced),150110632.5,13356490.89,26919818.69,233949735.5,153651594.7,12016516.06
128,2-amino-4-cyano-butanoic acid,41063173.8,31693202.37,44679121.78,42849816.96,26682171.64,22502862.47
129,Piperazine,8133856.683,32104143.9,24811642.04,23224867.12,17483592.05,31352432.16
130,"Tambulin 3,5-diacetate",2662335.588,2392844.428,2497906.696,2292528.309,2514727.42,2378682.212
131,N-Acetyl-Asp-Glu,17243890.64,29714325.79,16387493.91,15968587.51,60052252.07,48915038.76
132,"1,8-Octanedithiol",9733704.358,30386857.08,6749287.562,6127898.914,36207679.7,7733577.016
133,NAGABA,3022599.955,2301501.803,3039783.243,2493417.507,2482508.804,1883286.884
134,NAGly,25320667.99,24148226.48,19569092.93,28228368.53,20536995.9,13626302.36
135,2-amino-octadecanoic acid,23011861.91,23714885.59,26653023.48,22002586.14,21028632.38,18756243.73
136,"GlcCer(d16:2(4E,6E)/24:0)",16484618.52,87237.0689,228041.5147,9838572.199,14069687.64,647734.0716
137,Guanine,312386.6507,424949.6851,685178.4022,26055375.31,368186.3811,523756.8839
138,Methylpyrazine,11563548.17,15388664.61,15166187.38,12670309.29,11748181.19,12215227.48
139,Pinacidil-N-Oxide,7669594.126,7057489.613,6151592.249,7771597.744,9415966.345,7850123.907
140,4-Methylimidazole,98997311.47,282694980.2,159077412.3,137010975.5,161315009.2,135271027.6
141,Fomepizole,367421575.7,123378344.8,161842001.5,17196325.38,194514171.4,240166040.7
142,Trimethylpyrazine,7741785.333,6258317.401,81066163.13,5224078.304,75418399.49,96370723.08
143,2-(Methylthio)propane,13930679.65,9902461.523,15880325.7,11174217.16,8747621.475,18458640.84
144,Gentamicin C2,13018192.77,19917005.32,18234689.16,15375838.12,20482778.04,24031472.24
145,S-Acetyldihydrolipoamide-E,9130106.248,8340770.231,6694506.057,8860640.64,8562768.319,5882011.024
146,Leu,38439108.72,32769949.7,34783471.23,42474660.68,34529993.32,33006029.59
147,CHLOROXINE,5546141.861,7144145.998,12609732.75,5510694.223,7053535.801,1651912.961
148,2-Aminomethylpyrimidine (hydrochloride),24553162.54,15733650.02,19184893.4,4467849.75,17305290.25,20718966.98
149,"PC(18:0/18:3(6Z,9Z,12Z))[U]",19396622.03,6819280.634,26195372.8,23269918.42,25939636.76,17945745.34
150,N-arachidonoyl alanine,11763677.18,6038398.009,6344967.84,9586443.324,5787733.793,5583673.425
151,3-METHOXYTYRAMINE,820396.0199,837313.3337,1705878.009,2234761.766,960422.8113,91696.79062
152,Vinyl Carbamate,20880250.88,18080176.09,19770311.73,22225705.81,20558295.17,17517760.79
153,Tridecanamide,6559959.489,7305897.004,6879369.759,6693127.665,6923809.426,7176457.837
154,2-Aminoacrylic acid,45238163.4,41743771.36,41869872.14,44281162.57,43686653.83,38270599.68
155,5-OXO-L-PROLINE,1105353210,1041015319,1054944572,1124911678,1003121637,982381496.3
156,"PC(22:4(7Z,10Z,13Z,16Z)/14:0)",2107110.101,11942315.54,14915226.6,557696.4318,803964.2937,3799312.615
157,IS,164802067.3,167070899.3,161483537,171305925.4,162138189.9,165638429.7
158,Eicosapentaenoyl,4206987.977,13138933.14,15846882.72,4196786.117,3281535.308,5510749.108
159,LysoPE(16:1(9Z)/0:0),11993403.86,4684351.502,1444068.022,13359224.34,12182243.69,7818119.927
160,Linoleamide,35882031.12,9051624.623,37867630.33,30289999.46,33197395.38,35784444.17
161,trans-Hexadec-2-enoyl carnitine,4560211.31,4675388.061,5187633.135,8543375.462,3794119.988,3222088.929
162,Nervonyl carnitine,14207325.81,14101659.63,13606239.02,12921965.44,13412951.7,14078337.98
163,Isoleucine,130830652.2,115183376.3,125641848.1,150712642.1,130678720.1,115221487.3
164,"9-hydroxy-7E-Nonene-3,5-diynoic acid",6212944.534,6046941.037,6252462.743,8009858.209,9161679.929,6557588.372
165,1-(2-Pyrimidyl)piperazine,5077135.384,5910484.424,9549451.992,13929170.05,9926913.855,5792409.241
166,"PC(18:1(9Z)/18:2(9Z,12Z))[U]",34752496.95,35068091.78,18539105.7,30099632.68,28154280.76,31588091.18
167,Lys Lys Thr,8759739.026,9190004.487,9205602.44,8506519.205,8406286.185,9067160.614
168,PC(0:0/16:0),41780363.94,40756427.37,38673071.09,34831179.83,35987764.29,33114541.33
169,1H-Imidazole-4-methanol,16896705.82,148063.8516,16580899.85,9622776.409,22085866.54,10833000.19
170,PC(O-16:1(11Z)/2:0),26043012.63,35194220.79,28714318.93,26577430.32,30380636.16,33383262.26
171,gamma-Glutamylglutamine,37449663.44,40989579.42,52105681.96,38478443.83,41205773.58,36475729.4
172,Palmitoyl-L-carnitine,5945648.594,5419960.434,6103640.81,6753812.156,5497795.221,5243565.455
173,Dihydroceramide C2,28163291.17,25265603.9,24986875.15,22975086.38,23912438.93,23793814.97
174,Hydralazine,20342633.76,10091689.79,13273589.29,11326965.87,16210795.98,13480579.82
175,Glycidyl oleate,38587238.64,13654543.07,6149886.33,55469257.2,45675644.51,25439495.51
176,Cer(d18:1/18:1(9Z)),3258209.635,16594086.92,0,8599663.936,1489340.891,11718860.78
177,Oleoyl Ethanolamide,39623326.96,41814754.77,42127575.3,43671918.04,44677323.82,42225343.77
178,Hexan-3-one,240634789.1,66808431.74,66959525.79,70312263.54,59096903.12,75655080.73
179,L-Ascorbic acid,48944452.61,36703082.08,35161817.45,51865703.41,44369849.63,35320013.52
180,Isoscopoletin,2650301.33,2685088.696,2759491.774,3054112.078,2652814.357,2675491.265
181,2-Ethyl-6-methylpyrazine,13099362.62,10395220.52,99854688.34,7471424.873,68724301.13,80182894.68
182,Adenosine,1633179152,1229400415,1880934071,1734907976,1485450869,1204914444
183,1-Linoleoylglycerophosphocholine,4272103.031,6163180.046,4368631.523,4148823.582,4836986.196,4381367.051
184,3-ketosphingosine,35588836.81,47814886.17,40449808.89,34257141.87,33648661.06,35718918.79
185,"N,N-Dimethyldodecylamine N-oxide",10355099.35,9088052.833,8416426.799,8908998.651,8375151.637,7391801.243
186,N-Nitrosopyrrolidine,172778248,199446431.4,180728903,186265240,187970363.8,198587544.6
187,tetranor-12-HETE,4882467.744,5086299.713,4948049.668,5299416.683,5262934.553,4942749.35
188,"2,4,6-Triaminotoluene",14927037.91,34396363.06,15590097.61,14449368.21,18229841.36,17988727.19
189,Atalaphylline,26416275.55,42971655.73,41814116.63,25542770.11,28793919.37,40137877.66
190,(S1)-Methoxy-3-heptanethiol,1091240.999,1025199.118,37182543.8,37536493.99,41140274.31,1384438.308
191,"PE(22:4(7Z,10Z,13Z,16Z)/19:1(9Z))",25269681.87,26947259.77,28439366.18,8204629.646,11578928.51,26888098.76
192,3-Deoxy-25-hydroxyvitamin D3,6055344.617,3188995.859,6443937.656,4555046.343,2929370.276,1729791.147
193,(2-Methoxyethoxy)propanoic acid,24288742.64,43954208.56,31335041.99,27891578.68,39098187.63,29701891.18
194,LysoPC(16:0),280143441,275942326.7,280388389.7,239281983.5,215737450.4,192654206
195,Cys Gly Val Met,20236339.33,22962987.67,17306160.56,25536527.58,15634592.46,14217503.19
196,4-Methylpentanal,43945243.36,74358774.2,56625205.16,40631935.59,48583864.4,63809111.25
197,1H-Benzotriazole,6083970.917,3384987.728,9111357.291,4558503.287,10366374.54,11815718.23
198,Vigabatrin,2459356.686,2157627.942,1886551.054,2155020.254,2270130.406,2121592.502
199,"2,5-Diaminotoluene",13277873.51,9455802.699,8512592.674,7780433.032,8650638.471,9198048.661
200,"PC(20:4(5Z,8Z,11Z,14Z)/0:0)",39365756.11,27548288.54,23450439.65,31649741.87,21350372.18,23417745.02
201,Ferimzone,3197889.794,3373180.637,2872834.9,3133641.565,2848032.431,3119792.019
202,Pyridine,18974670.36,20455147.02,22586104.66,19921407.47,20148527.68,19001966.48
203,L-GLUTAMINE,651311815.2,595709239.9,641465698.3,671934020.6,613443988.7,610766293.6
204,Dimethylimidazole,37006709.06,23398990.82,21087527.03,10362559.72,34716299.49,18832937.41
205,"N,2,3-Trimethyl-2-(1-methylethyl)butanamide",19718001.34,34568682.9,35586878.94,17839011.12,26727356.06,31466493.52
206,"3,4-Dehydrothiomorpholine-3-carboxylate",71652928.78,91510337.32,73932283.33,86905329.62,64887924.41,57647839
207,2-(Methylthiomethyl)-3-phenyl-2-propenal,2787539.243,3497198.929,3387544.441,3279703.676,3084002.423,2353782.317
208,Poloxalene,10800460.83,11447572.07,18457690.49,12482656.29,14260397.53,14118254.54
209,Vaccenyl carnitine,18048152.7,11447937.44,19323489.59,13624163.17,8868049.652,6922487.697
210,ACETANILIDE,7684227.037,6935116.203,10340398.24,9758310.515,10095838.9,7837143.215
211,"PC(18:1(11Z)/20:4(5Z,8Z,11Z,14Z))",8583160.453,18998647.38,20966259.2,5516469.743,8519392.645,16807186.03
212,Indole,8561156.296,9033072.853,9387782.007,6805818.371,8930504.285,8780890.118
213,Cer(d18:1/18:0),13060927.79,148368.6927,0,10706158.49,7134995.274,72103.8404
214,Digitalose,7761586.577,12916324.69,26687897.2,15113429.63,12996342.62,9299474.287
215,"PC(18:2(9Z,12Z)/20:5(5Z,8Z,11Z,14Z,17Z))[U]",1333966.523,4683651.067,11977740.77,258380.0673,1187615.659,1560840.752
216,Pirbuterol,15369359.65,13352860.08,12081015.57,15462677.35,12261602.78,11901473.53
217,O-ACETYL-L-CARNITINE,268784809.8,372997727.5,280311959.7,211287537.1,285563827.7,289258704.1
218,Dimethicone,19050592.16,30479239.92,23604370.34,23456084.47,24305035.73,23608675.51
219,Oleoyl Ethyl Amide,566177464.6,724875289.4,697386962.3,451313410.7,625305043.5,618545078.6
220,Butyl salicylate,9489759.899,9285817.152,10181333.63,9327799.101,8958395.031,9234708.48
221,N-hexadecanoyl-L-Homoserine lactone,23469360.63,19410814.24,23232755.3,19038954.16,17451038.89,14452343.84
222,Glu Glu,67390512.85,45166235.04,58208748.23,49871633.76,60411711.62,49458764.81
223,4-(Dimethylamino)pyridine,9171861.161,7522811.062,102288570.2,6092482.259,80885269.21,8139498.506
224,2-Protocatechoylphloroglucinolcarboxylate,20091333.57,13851969.55,15460153.72,21975415.4,20155557.78,17308336.45
225,Glutamic acid,9651389.506,15839241.49,11499991,9807388.688,30746097.95,29503532.8
226,Benzotriazole,5663198.863,10241413.47,7586921.178,5981645.227,23029435.24,5332465.791
227,"N,N'-Diethylthiourea",395386471.5,437207022.8,375773458.2,407188353.2,401224068.1,432814530.7
228,"PC(20:4(5Z,8Z,11Z,14Z)/16:0)[U]",20614480.31,59792492.42,142498009,7489754.528,11518084.06,50973070.28
229,PE(22:1(11Z)/17:0),11992664.84,13451483.11,10252924.27,13881467.6,8576361.738,17615143.82
230,Glutamate,992996579.6,977021914.1,927617343.1,967990401.1,814511479.7,871885428.5
231,"PC(18:1(9Z)/18:3(6Z,9Z,12Z))[U]",15194150.85,81808756.28,263104338.3,7448091.935,11488967.02,41172909.75
232,"Na,Na-Dimethylhistamine",5780363.588,28901685.61,33232174.11,20329818.91,35911162.82,13970192.3
233,3-amino-octanoic acid,19788953.84,19512189.09,24192263.29,27537575.1,28780881.89,34919937.22
234,"PE(19:0/20:4(5Z,8Z,11Z,14Z))",3212970.06,17630631.77,29646523.54,1101200.768,1737339.166,8057680.168
235,Calcium L-aspartate,7975262.492,87136303.14,17039086.86,6617338.485,11514191.33,9892309.97
236,Diphenylsulfoxide,41480523.59,46800970.01,46107247.52,40196480.22,55010583.08,59094764.32
237,"PE(22:4(7Z,10Z,13Z,16Z)/17:0)",4534358.185,20491795.32,93785058.67,1544383.782,2233218.745,7906029.166
238,Ethephon,290361046.4,286894795.9,278736934.5,335084105.3,323496744.8,275253552.2
239,Indoline,135766007.1,127475020.8,151522500.6,156347739,138822383.2,121845095.3
240,Phytosphingosine,32621549.42,21789619.08,20871985.47,25663077.21,20456927.73,18260931.41
241,"PC(18:4(2E,4E,6E,11Z)/18:1(11Z))[U]",32178015.04,32442122.86,15892952.61,10960500.62,17943300.04,23088410.32
242,"Ergoline-1,8-dimethanol, 10-methoxy-6-methyl-, (8b)-",2581201.14,3251717.666,2370187.523,2232861.395,2001122.436,1927202.337
243,alpha-hydroxy Farnesyl Phosphonic Acid,1955473.729,2440725.077,2092873.306,1946053.588,1773322.924,1909608.132
244,"PE(19:0/18:2(9Z,12Z))",76005426.18,56834820.38,9489792.386,70237583.31,80221384.63,102600462.3
245,"2,2,6,6-Tetramethyl-4-piperidinone",4431471.608,4828154.483,4930623.816,3762023.321,5545825.088,4836742.341
246,Ethyl menthane carboxamide,8848648.94,9691891.494,10429399.52,7240746.826,9611916.959,9533311.631
247,"N-Butyl-1H-pyrazolo[3,4-d]pyrimidin-4-amine",2883380.126,3698407.317,3223388.087,10703393.16,3062440.101,3537044.199
248,Pyroglutamic acid,155388702.9,164444107.6,124744767.5,122471445.9,135588380.6,119228396.3
249,"PC(P-20:0/20:4(5Z,8Z,11Z,14Z))",19623977.76,729079.3431,0,16808547.56,16552512.22,1440813.199
250,Butyryl-L-carnitine,5410959.34,5222233.113,4733526.124,5565448.045,5516882.555,4397102.038
251,"PC(22:6(4E,7E,10E,13E,16E,19E)/16:0)",10082390.61,7487287.65,12499380.27,4294644.33,4308314.542,9105454.636
252,(-)-Linalool,15984237.52,15861599.65,14488309.27,13595866.18,13701484.44,3617840.526
253,Arachidonic Acid,3672937.054,2778454.12,2774858.735,3419896.099,3241724.36,1849803.311
254,Carboxyprimaquine,4398791.924,4860180.853,4865735.725,4111415.193,4285803.371,4018620.533
255,2-amino-4'-hydroxy-Propiophenone,140117665.2,134614219.7,164743341.6,168243836.8,147780255.5,130755133
256,Creatine,8860205098,9857681757,8453470354,9206211998,9028231779,9836339691
257,N-methylundec-10-enamide,7585578.081,8512558.97,9181356.607,6993152.708,8748844.095,8306720.164
258,Lys Val Lys Lys,550818.9535,79861990.46,649507.9873,3300768.191,413598.6325,32670124.15
259,N-stearoyl tyrosine,6517261.5,3334215.482,4736222.47,8338798.708,8872344.123,4860547.623
260,Xanthine,48916427.61,38899882.63,38391422.5,52080904.71,39878051.13,33389199.31
261,4R-aminopentanoic acid,64999587.38,59923586.7,59906952.29,66920686.05,64800681.48,54413521.95
262,Lathosterol,36181404.25,42245023.22,0,60639029.38,78427881.52,53536101.66
263,PE-NMe(18:1(9E)/18:1(9E)),342267362.2,323915215.6,215488906.5,136210546.9,200704513.2,511967996.1
264,4-Hydroxybenzaldehyde,6125697.656,4852380.469,6833833.39,7508098.884,7553313.197,7582543.049
265,Abequose,36994752.02,21323484.79,25485515.92,25106224.65,31272906.6,71724769.93
266,"PC(18:3(6Z,9Z,12Z)/0:0)[U]",9719793.366,9460654.998,9521475.627,7760502.531,7736285.227,6433646.937
267,Piperidione,5233123.13,3885938.638,2772878.768,3018434.163,3492632.23,2619262.044
268,LysoPC(18:1(11Z)),113274263.4,153913338.2,139682615.3,105448972.3,127788145.3,131946250.6
269,Ala Ala Lys Val,1444783.57,1770117.776,1858023.904,1420615.812,1546185.633,1736058.14
270,N-Methylaspartic acid,486019.7134,466252.9826,516151.2242,616799.9385,3392122.307,776466.8684
271,Linoleoyl Ethanolamide,10363016.03,4175298.02,7265200.007,12460255.47,3098431.282,3787634.853
272,2-Aminoacetophenone,10307506,9946364.047,13775581.51,24090397.03,16475865.65,16711650.93
273,cis-4-Carboxymethylenebut-2-en-4-olide,23838406.94,17596012.58,17241507,24817086.67,21051408.55,17077779.62
274,Thiazolidine-4-carboxylic acid,60515761.69,52740149.49,36688089.95,52602748.7,36788661.86,36935972.67
275,3-Methyl-quinolin-2-ol,4178654.777,3407675.333,5408458.342,5330456.935,6957097.815,3782258.741
276,Tributyl phosphate,3107265.653,2009763.88,455937.0111,1005845.432,571151.8331,748090.2402
277,2-Ethylbutanal,58018070.54,180479296.2,197439732.5,195287543.1,86721163.68,76526447.96
278,"LysoPE(20:4(8Z,11Z,14Z,17Z)/0:0)",39945346.44,54459116.26,32853140.9,36202333.23,33227572.25,23099596.83
279,Piceatannol 4'-galloylglucoside,34440493.61,21918845.79,23389534.51,42734473.34,37631380.16,31279495.08
280,Obscuraminol A,10502552.84,10167286.29,10583195.5,2557509.148,9886914.708,10175559.93
281,Nevirapine,8922888.177,10059609.86,7499320.043,11483539.14,6993301.289,6713609.671
282,3-Ethoxybenzoate,4156448.139,4318586.621,4166338.426,4000386.701,3851283.431,4051643.617
283,Dehydrophytosphingosine,33502710.95,34163722.97,33858992.39,26929398.38,30013910.97,33002396.37
284,PC(16:1(9E)/0:0),5637165.389,5465624.562,5666452.79,4946375.353,4913909.595,4358835.635
285,Galegine,2286932.075,8307120.402,1625997.525,6655461.509,7363663.301,5878323.558
286,Phosphohydroxypyruvic acid,5887118.458,10046364.24,7018317.775,14285366.15,6154553.183,5503154.612
287,"PC(22:6(4E,7E,10E,13E,16E,19E)/0:0)[U]",32423388.72,58033070.25,21455405.12,21835844.44,41343633.43,45246277.94
288,"2,2-Dimethyloxirane",12577208.77,10715747.61,12049622.7,9489477.835,9079430.532,11273244.18
289,2-Pyrrolidinone,151595670.9,143819380.1,179099072.1,141593155.1,204407775.1,140724514.4
290,"3,4-Epoxy-6,9-octadecadiene",4640247.681,5510204.471,6160469.727,6433432.735,6294434.67,4789908.93
291,Conhydrinone,3828072.754,4744163.432,4432559.275,2924422.974,4614582.374,4633244.155
292,4-Cyanopyridine,3520419.206,9189326.807,9454659.455,9314024.34,4019424.846,3201865.514
293,Palmitoleamide,333250213.7,495071618.6,537481826.5,274021299.4,446187356.9,465325259.1
294,5-Nitro-2-furfuryl methyl ether,80478648.83,70010228.5,74188095.54,87131088.56,76833429.7,64477355.07
295,GUANOSINE,59317529.56,44275698.36,60981189.99,60660825.39,69343172,60584510.46
296,Aminomuconic acid,164925600,152862113.6,161251763,168517095.5,158741467.4,137262698.5
297,PS(16:0/15:0),336476.0603,67317345.09,443855.5455,2793752.621,184267.8173,27946134.89
298,"6S,7R-Epoxy-3Z,9Z-octadecadiene",132422660.6,150153177,153659302.8,105773902,140968132.2,145886618.6
299,Asn Val Arg Arg,4801883.847,6117390.835,5405215.902,4109832.791,5266226.219,4956860.887
300,3-Cyanopyridine,3568229.267,7752181.267,4317208.751,4396913.703,4859459.718,4068906.205
301,"PC(O-20:0/22:6(4Z,7Z,10Z,13Z,16Z,19Z))",6295876.536,0,0,3570502.383,4521182.001,0
302,Imidazolone,11014843.63,11499052.73,8416628.469,7014411.909,5795853.725,14502092.99
303,Chlorobenzene,6426251.104,6793193.902,6344590.171,8056860.71,1798678.107,8401780.145
304,Herculin,20738013.17,35147364.2,39902097.98,17243867.08,31328512.93,33522897.89
305,2-Hexenal,26914793.17,18192218.39,21857170.65,29419852.19,51463698.74,50589365.73
306,N-Oleoyl-L-Serine,2029191.745,2296568.22,2848863.59,2239945.473,1388664.673,1928864.887
307,"PC(20:3(5Z,8Z,11Z)/16:0)",1988272.384,1523151.932,4873894.996,4087348.267,2207942.664,1371577.642
308,Tetradecylamine,11262098.03,14478635.58,7696796.32,14411317.28,15048742.06,9166686.556
309,"(4E,8E,10E-d18:3)sphingosine",50904619.81,72668203.46,71517765.41,81085296.5,63027896.56,91941184.12
310,C16 Sphinganine,228859779.8,127837446.4,132903163.4,153813685.3,123867463.1,114191244.5
311,Zalcitabine,13335337.42,5805591.831,1780250.085,3549648.503,2712381.78,19984037.07
312,Dicyclohexylamine,4375416.252,4005745.167,4527761.745,4015903.118,4153692.553,4016569.248
313,N-Cyclohexylformamide,8628868.315,11116146.78,12932511.67,7406358.683,10435164.83,11087607.56
314,PS(P-16:0/13:0),542335.8789,87532068.55,633412.3938,3497720.444,320205.7606,36593283.86
315,3-Methylcyclopentene,6835735.736,6436166.709,5796201.406,7477369.228,5920761.023,6263366.087
316,Caproaldehyde,10040668.31,5282230.115,9276985.935,5939905.549,8759537.664,10328026.08
317,3-Methylpyrazole,62092832.3,50284795.47,72530600.5,40745219.29,41225470.36,41883384.59
318,,2166506.655,2860980.165,1574737.011,997962.4568,2522535.832,1864986.321
319,,1149234.545,1085998.683,440834.2028,971909.3374,1147944.197,989022.6428
320,,14657122.5,23137337.81,3386621.847,3701654.089,17337714.98,14378241.47
321,,0,0,0,1756066.185,1516850.481,118339.1119
322,,6277499.225,5556522.12,763050.4696,8402309.583,6190722.906,455245.2671
323,,466394.5991,406192.3106,758514.3559,514859.9204,518244.2458,442512.879
324,,2133712.191,0,2049049.483,1316939.725,1774710.917,996396.4307
325,,1510380.949,861638.459,1646137.425,1285845.158,2291558.324,2093776.679
326,,939679.3879,2134547.483,494975.7682,2050400.001,2116614.97,2032017.925
327,,1365894.07,1829593.263,1622330.65,1333150.38,1355727.922,1510653.296
328,,3038939.635,2861637.749,920674.9083,3179576.515,2608777.842,6341292.809
329,,2847256.753,1597995.479,2638430.241,2721712.917,322690.1487,1466586.926
330,,26099463.71,34732686.01,55574311.81,9844941.673,39685547.79,30592768.97
331,,1065417.521,1599993.834,4110848.465,620469.4765,2348449.501,4076727.419
332,,0,0,0,0,1578195.169,3196420.489
333,,88567.55225,88168.21407,134217.4474,58101.02194,134849.777,42849.1339
334,,721386.4957,904181.6533,0,832633.5587,0,724624.4473
335,,1010106.104,1137758.418,1163956.89,980827.5072,746014.9848,1039446.059
336,,65439.25858,76486.98249,0,313069.935,0,0
337,,596033.0455,1201392.71,1464575.893,1106812.594,780201.4592,803841.1189
338,,0,1230101.191,988787.8096,862169.3245,0,994843.6165
339,,10490492.6,8395293.876,14323285.84,13811418.25,22916906.09,11073413.59
340,,0,0,6704351.66,6450598.382,6253248.928,0
341,,3789576.579,4085272.482,5751367.54,862464.0174,4921426.463,11873612.23
342,,2632176.234,3036511.395,2636935.777,3580591.386,2368592.497,2105427.862
343,,946138.5157,922485.5519,549943.773,1239066.432,994685.1967,883127.8391
344,,1913204.331,1428850.877,11510907.94,13067459.35,0,0
345,,713657.6941,720089.6329,625926.5936,566597.5206,714782.2174,605537.5213
346,,1375773.854,1392672.071,1505894.825,1183161.473,1316911.81,1014901.243
347,,11463953.01,38304121.9,24105084.57,27333393.44,26531358.4,21834061.69
348,,139521.9934,75619.70037,59236.48212,89290.62214,74896.671,207418.6812
349,,1876067.263,2220563.946,2218082.448,1589882.871,1708386.049,1875279.566
350,,891303.7792,0,0,1011242.387,1076753.993,732309.9653
351,,247676.411,377092.6683,404971.5168,274776.0371,133653.2546,282069.5337
352,,13159308.31,10957230.51,2112360.505,13662542.37,19324602.49,14637770.94
353,,3352542.849,2246445.393,2936816.135,432402.4519,3206978.602,673950.1653
354,,30558919.83,1426142.666,2862662.483,1080432.36,1805654.598,1313173.756
355,,13924064.65,14300133.98,927529.7301,1494371.635,1142797.389,14394273.9
